<?xml version="1.0" encoding="UTF-8" standalone="no" ?>
<?xml-stylesheet href="rptstyle.xsl" type="text/xsl" ?>
<doc>
<title>Global Net Report</title>
<text>Microsemi Corporation - Microsemi Libero Software Release v11.5 SP2 (Version 11.5.2.6)</text>
<text>Date: Thu Jun 04 17:37:48 2015
</text>
<section>
<name>Global Nets Information</name>
<table>
<header>
 <cell/>
 <cell> From </cell>
 <cell> GB Location </cell>
 <cell> Net Name </cell>
 <cell> Fanout </cell>
</header>
<row>
 <cell>1</cell>
 <cell>GB[4] </cell>
 <cell>(222, 54)</cell>
 <cell>FCCC_0/GL0_INST/U0_YNn</cell>
 <cell>1</cell>
</row>
</table>
<text></text>
</section>
<section>
<name>I/O to GB Connections</name>
<text>(none)</text>
</section>
<section>
<name>Fabric to GB Connections</name>
<text>(none)</text>
</section>
<section>
<name>CCC to GB Connections</name>
<table>
<header>
 <cell/>
 <cell> From </cell>
 <cell> From Location </cell>
 <cell> To </cell>
 <cell> Net Name </cell>
 <cell> Net Type </cell>
 <cell> Fanout </cell>
</header>
<row>
 <cell>1</cell>
 <cell>FCCC_0/CCC_INST/INST_CCC_IP:GL0</cell>
 <cell>CCC-NE0 (372, 92)</cell>
 <cell>GB[4] </cell>
 <cell>FCCC_0/GL0_net</cell>
 <cell>HARDWIRED</cell>
 <cell>1</cell>
</row>
</table>
<text></text>
</section>
<section>
<name>CCC Input Connections</name>
<text>(none)</text>
</section>
<section>
<name>Local Clock Nets to RGB Connections</name>
<text>(none)</text>
</section>
</doc>
