<?xml version="1.0" encoding="UTF-8" standalone="no" ?>
<?xml-stylesheet href="rptstyle.xsl" type="text/xsl" ?>
<doc>
<title>I/O Register Combining Report</title>
<text>Microsemi Corporation - Microsemi Libero Software Release v11.5 SP2 (Version 11.5.2.6)</text>
<text>Date: Fri Jun 05 15:42:36 2015
</text>
<section><name>I/O Register Combining Summary</name></section>
<table>
<header>
</header>
</table>
<section><name>I/O DDR Register Combining Summary</name></section>
<table>
<header>
</header>
</table>
</doc>
