<?xml version="1.0" encoding="UTF-8" standalone="no" ?>
<?xml-stylesheet href="rptstyle.xsl" type="text/xsl" ?>
<doc>
<title>Timing Violation Report Max Delay Analysis
</title>
<text>SmartTime Version 11.5.2.6</text>
<text>Microsemi Corporation - Microsemi Libero Software Release v11.5 SP2 (Version 11.5.2.6)</text>
<text>Date: Thu May 28 16:41:03 2015
</text>
<table>
<header>
</header>
<row>
 <cell>Design</cell>
 <cell>UartDemo</cell>
</row>
<row>
 <cell>Family</cell>
 <cell>SmartFusion2</cell>
</row>
<row>
 <cell>Die</cell>
 <cell>M2S010T</cell>
</row>
<row>
 <cell>Package</cell>
 <cell>484 FBGA</cell>
</row>
<row>
 <cell>Temperature</cell>
 <cell>COM</cell>
</row>
<row>
 <cell>Voltage</cell>
 <cell>COM</cell>
</row>
<row>
 <cell>Speed Grade</cell>
 <cell>STD</cell>
</row>
<row>
 <cell>Design State</cell>
 <cell>Post-Layout</cell>
</row>
<row>
 <cell>Data source</cell>
 <cell>Production</cell>
</row>
<row>
 <cell>Min Operating Condition</cell>
 <cell>BEST</cell>
</row>
<row>
 <cell>Max Operating Condition</cell>
 <cell>WORST</cell>
</row>
<row>
 <cell>Scenario for Timing Analysis</cell>
 <cell>Primary</cell>
</row>
</table>
<text></text>
<text>No Path</text>
</doc>
