<?xml version="1.0" encoding="UTF-8" standalone="no" ?>
<?xml-stylesheet href="rptstyle.xsl" type="text/xsl" ?>
<doc>
<title>Timing Report Max Delay Analysis
</title>
<text>SmartTime Version 11.5.2.6</text>
<text>Microsemi Corporation - Microsemi Libero Software Release v11.5 SP2 (Version 11.5.2.6)</text>
<text>Date: Thu May 28 16:41:03 2015
</text>
<table>
<header>
</header>
<row>
 <cell>Design</cell>
 <cell>UartDemo</cell>
</row>
<row>
 <cell>Family</cell>
 <cell>SmartFusion2</cell>
</row>
<row>
 <cell>Die</cell>
 <cell>M2S010T</cell>
</row>
<row>
 <cell>Package</cell>
 <cell>484 FBGA</cell>
</row>
<row>
 <cell>Temperature</cell>
 <cell>COM</cell>
</row>
<row>
 <cell>Voltage</cell>
 <cell>COM</cell>
</row>
<row>
 <cell>Speed Grade</cell>
 <cell>STD</cell>
</row>
<row>
 <cell>Design State</cell>
 <cell>Post-Layout</cell>
</row>
<row>
 <cell>Data source</cell>
 <cell>Production</cell>
</row>
<row>
 <cell>Min Operating Condition</cell>
 <cell>BEST</cell>
</row>
<row>
 <cell>Max Operating Condition</cell>
 <cell>WORST</cell>
</row>
<row>
 <cell>Scenario for Timing Analysis</cell>
 <cell>Primary</cell>
</row>
</table>
<text></text>
<section>
<name>Summary</name>
<table>
<header>
 <cell>Clock Domain</cell>
 <cell>Period (ns)</cell>
 <cell>Frequency (MHz)</cell>
 <cell>Required Period (ns)</cell>
 <cell>Required Frequency (MHz)</cell>
 <cell>External Setup (ns)</cell>
 <cell>External Hold (ns)</cell>
 <cell>Min Clock-To-Out (ns)</cell>
 <cell>Max Clock-To-Out (ns)</cell>
</header>
<row>
 <cell>FCCC_0/CCC_INST/INST_CCC_IP:GL0</cell>
 <cell>1.356</cell>
 <cell>737.463</cell>
 <cell>10.000</cell>
 <cell>100.000</cell>
 <cell>N/A</cell>
 <cell>N/A</cell>
 <cell>5.380</cell>
 <cell>10.593</cell>
</row>
<row>
 <cell>OSC_0/I_RCOSC_25_50MHZ:CLKOUT</cell>
 <cell>N/A</cell>
 <cell>N/A</cell>
 <cell>20.000</cell>
 <cell>50.000</cell>
 <cell>N/A</cell>
 <cell>N/A</cell>
 <cell>N/A</cell>
 <cell>N/A</cell>
</row>
</table>
<text></text>
<table>
<header>
 <cell></cell>
 <cell>Min Delay (ns)</cell>
 <cell>Max Delay (ns)</cell>
</header>
<row>
 <cell>Input to Output</cell>
 <cell>N/A</cell>
 <cell>N/A</cell>
</row>
</table>
</section>
<section>
<name>Clock Domain FCCC_0/CCC_INST/INST_CCC_IP:GL0</name>
<text>Info: The maximum frequency of this clock domain is limited by the minimum pulse widths of pin FCCC_0/GL0_INST/U0_RGB1:An</text>
<text></text>
<section>
<name>SET Register to Register</name>
<text>No Path</text>
</section>
<section>
<name>SET External Setup</name>
<text>No Path</text>
</section>
<section>
<name>SET Clock to Output</name>
<table>
<header>
 <cell/>
 <cell>From</cell>
 <cell>To</cell>
 <cell>Delay (ns)</cell>
 <cell>Slack (ns)</cell>
 <cell>Arrival (ns)</cell>
 <cell>Required (ns)</cell>
 <cell>Clock to Out (ns)</cell>
</header>
<row>
 <cell>Path 1</cell>
 <cell>UartDemo_MSS_0/MSS_ADLIB_INST/INST_MSS_010_IP:CLK_BASE</cell>
 <cell>MMUART_0_TXD</cell>
 <cell>5.388</cell>
 <cell></cell>
 <cell>10.593</cell>
 <cell></cell>
 <cell>10.593</cell>
</row>
</table>
<text></text>
<section><name>Expanded Path 1</name></section>
<table>
<header>
 <cell>Pin Name</cell>
 <cell>Type</cell>
 <cell>Net Name</cell>
 <cell>Cell Name</cell>
 <cell>Op</cell>
 <cell>Delay (ns)</cell>
 <cell>Total (ns)</cell>
 <cell>Fanout</cell>
 <cell>Edge</cell>
</header>
<row>
 <cell>From: UartDemo_MSS_0/MSS_ADLIB_INST/INST_MSS_010_IP:CLK_BASE</cell>
 <cell></cell>
 <cell></cell>
 <cell></cell>
 <cell></cell>
 <cell></cell>
 <cell></cell>
 <cell></cell>
 <cell></cell>
</row>
<row>
 <cell>To: MMUART_0_TXD</cell>
 <cell></cell>
 <cell></cell>
 <cell></cell>
 <cell></cell>
 <cell></cell>
 <cell></cell>
 <cell></cell>
 <cell></cell>
</row>
<row>
 <cell>data required time</cell>
 <cell></cell>
 <cell></cell>
 <cell></cell>
 <cell></cell>
 <cell></cell>
 <cell>N/C</cell>
 <cell></cell>
 <cell></cell>
</row>
<row>
 <cell>data arrival time</cell>
 <cell></cell>
 <cell></cell>
 <cell></cell>
 <cell>-</cell>
 <cell></cell>
 <cell>10.593</cell>
 <cell></cell>
 <cell></cell>
</row>
<row>
 <cell>slack</cell>
 <cell></cell>
 <cell></cell>
 <cell></cell>
 <cell></cell>
 <cell></cell>
 <cell>N/C</cell>
 <cell></cell>
 <cell></cell>
</row>
<row>
</row>
<row>
 <cell>Data arrival time calculation</cell>
 <cell></cell>
 <cell></cell>
 <cell></cell>
 <cell></cell>
 <cell></cell>
 <cell></cell>
 <cell></cell>
 <cell></cell>
</row>
<row>
 <cell>FCCC_0/CCC_INST/INST_CCC_IP:GL0</cell>
 <cell></cell>
 <cell></cell>
 <cell></cell>
 <cell></cell>
 <cell>0.000</cell>
 <cell>0.000</cell>
 <cell></cell>
 <cell></cell>
</row>
<row>
 <cell>FCCC_0/CCC_INST/INST_CCC_IP:GL0</cell>
 <cell>Clock source</cell>
 <cell></cell>
 <cell></cell>
 <cell>+</cell>
 <cell>0.000</cell>
 <cell>0.000</cell>
 <cell></cell>
 <cell>r</cell>
</row>
<row>
 <cell></cell>
 <cell>Clock generation</cell>
 <cell></cell>
 <cell></cell>
 <cell>+</cell>
 <cell>3.376</cell>
 <cell>3.376</cell>
 <cell></cell>
 <cell></cell>
</row>
<row>
 <cell>FCCC_0/GL0_INST:An</cell>
 <cell>net</cell>
 <cell>FCCC_0/GL0_net</cell>
 <cell></cell>
 <cell>+</cell>
 <cell>0.270</cell>
 <cell>3.646</cell>
 <cell></cell>
 <cell>r</cell>
</row>
<row>
 <cell>FCCC_0/GL0_INST:YNn</cell>
 <cell>cell</cell>
 <cell></cell>
 <cell>ADLIB:GB</cell>
 <cell>+</cell>
 <cell>0.194</cell>
 <cell>3.840</cell>
 <cell>1</cell>
 <cell>f</cell>
</row>
<row>
 <cell>FCCC_0/GL0_INST/U0_RGB1:An</cell>
 <cell>net</cell>
 <cell>FCCC_0/GL0_INST/U0_YNn</cell>
 <cell></cell>
 <cell>+</cell>
 <cell>0.358</cell>
 <cell>4.198</cell>
 <cell></cell>
 <cell>f</cell>
</row>
<row>
 <cell>FCCC_0/GL0_INST/U0_RGB1:YR</cell>
 <cell>cell</cell>
 <cell></cell>
 <cell>ADLIB:RGB</cell>
 <cell>+</cell>
 <cell>0.295</cell>
 <cell>4.493</cell>
 <cell>1</cell>
 <cell>r</cell>
</row>
<row>
 <cell>UartDemo_MSS_0/MSS_ADLIB_INST/IP_INTERFACE_268:B</cell>
 <cell>net</cell>
 <cell>FCCC_0/GL0_INST/U0_RGB1_YR</cell>
 <cell></cell>
 <cell>+</cell>
 <cell>0.466</cell>
 <cell>4.959</cell>
 <cell></cell>
 <cell>r</cell>
</row>
<row>
 <cell>UartDemo_MSS_0/MSS_ADLIB_INST/IP_INTERFACE_268:IPB</cell>
 <cell>cell</cell>
 <cell></cell>
 <cell>ADLIB:IP_INTERFACE</cell>
 <cell>+</cell>
 <cell>0.246</cell>
 <cell>5.205</cell>
 <cell>1</cell>
 <cell>r</cell>
</row>
<row>
 <cell>UartDemo_MSS_0/MSS_ADLIB_INST/INST_MSS_010_IP:CLK_BASE</cell>
 <cell>net</cell>
 <cell>UartDemo_MSS_0/MSS_ADLIB_INST/CLK_BASE_net</cell>
 <cell></cell>
 <cell>+</cell>
 <cell>0.000</cell>
 <cell>5.205</cell>
 <cell></cell>
 <cell>r</cell>
</row>
<row>
 <cell>UartDemo_MSS_0/MSS_ADLIB_INST/INST_MSS_010_IP:MMUART0_TXD_USBC_DIR_MGPIO27B_OUT</cell>
 <cell>cell</cell>
 <cell></cell>
 <cell>ADLIB:MSS_010_IP</cell>
 <cell>+</cell>
 <cell>2.251</cell>
 <cell>7.456</cell>
 <cell>1</cell>
 <cell>f</cell>
</row>
<row>
 <cell>UartDemo_MSS_0/MMUART_0_TXD_PAD/U_IOPAD:D</cell>
 <cell>net</cell>
 <cell>UartDemo_MSS_0/MSS_ADLIB_INST_MMUART0_TXD_USBC_DIR_MGPIO27B_OUT</cell>
 <cell></cell>
 <cell>+</cell>
 <cell>0.000</cell>
 <cell>7.456</cell>
 <cell></cell>
 <cell>f</cell>
</row>
<row>
 <cell>UartDemo_MSS_0/MMUART_0_TXD_PAD/U_IOPAD:PAD</cell>
 <cell>cell</cell>
 <cell></cell>
 <cell>ADLIB:IOPAD_TRI</cell>
 <cell>+</cell>
 <cell>3.137</cell>
 <cell>10.593</cell>
 <cell>0</cell>
 <cell>f</cell>
</row>
<row>
 <cell>MMUART_0_TXD</cell>
 <cell>net</cell>
 <cell>MMUART_0_TXD</cell>
 <cell></cell>
 <cell>+</cell>
 <cell>0.000</cell>
 <cell>10.593</cell>
 <cell></cell>
 <cell>f</cell>
</row>
<row>
 <cell>data arrival time</cell>
 <cell></cell>
 <cell></cell>
 <cell></cell>
 <cell></cell>
 <cell></cell>
 <cell>10.593</cell>
 <cell></cell>
 <cell></cell>
</row>
<row>
</row>
<row>
 <cell>Data required time calculation</cell>
 <cell></cell>
 <cell></cell>
 <cell></cell>
 <cell></cell>
 <cell></cell>
 <cell></cell>
 <cell></cell>
 <cell></cell>
</row>
<row>
 <cell>FCCC_0/CCC_INST/INST_CCC_IP:GL0</cell>
 <cell></cell>
 <cell></cell>
 <cell></cell>
 <cell></cell>
 <cell>N/C</cell>
 <cell>N/C</cell>
 <cell></cell>
 <cell></cell>
</row>
<row>
 <cell>FCCC_0/CCC_INST/INST_CCC_IP:GL0</cell>
 <cell>Clock source</cell>
 <cell></cell>
 <cell></cell>
 <cell>+</cell>
 <cell>0.000</cell>
 <cell>N/C</cell>
 <cell></cell>
 <cell>r</cell>
</row>
<row>
 <cell></cell>
 <cell>Clock generation</cell>
 <cell></cell>
 <cell></cell>
 <cell>+</cell>
 <cell>3.376</cell>
 <cell>N/C</cell>
 <cell></cell>
 <cell></cell>
</row>
<row>
 <cell>MMUART_0_TXD</cell>
 <cell></cell>
 <cell></cell>
 <cell></cell>
 <cell></cell>
 <cell></cell>
 <cell>N/C</cell>
 <cell></cell>
 <cell>f</cell>
</row>
<row>
</row>
</table>
</section>
<section>
<name>SET Register to Asynchronous</name>
<text>No Path</text>
</section>
<section>
<name>SET External Recovery</name>
<text>No Path</text>
</section>
<section>
<name>SET Asynchronous to Register</name>
<text>No Path</text>
</section>
</section>
<section>
<name>Clock Domain OSC_0/I_RCOSC_25_50MHZ:CLKOUT</name>
<text></text>
<section>
<name>SET Register to Register</name>
<text>No Path</text>
</section>
<section>
<name>SET External Setup</name>
<text>No Path</text>
</section>
<section>
<name>SET Clock to Output</name>
<text>No Path</text>
</section>
<section>
<name>SET Register to Asynchronous</name>
<text>No Path</text>
</section>
<section>
<name>SET External Recovery</name>
<text>No Path</text>
</section>
<section>
<name>SET Asynchronous to Register</name>
<text>No Path</text>
</section>
</section>
<section>
<name>Path Set Pin to Pin</name>
<section>
<name>SET Input to Output</name>
<text>No Path</text>
</section>
</section>
<section>
<name>Path Set User Sets</name>
</section>
</doc>
