<?xml version="1.0" encoding="ISO-8859-1" ?>
<?xml-stylesheet type="text/xsl" href="drcss.xsl"?>
<drcreport>
  <header>UartDemo</header>
  <drc>
    <status>C:\Microsemi\Libero_v11.5\Designer/data/drcreport\warn.png</status>
    <StatusMessage>Warning</StatusMessage>
    <message>Floating Driver</message>
    <detail>Floating output pin UartDemo_MSS_0:MMUART_0_TXD_M2F</detail>
    <crossprobe>liberoaction://cross_probe/smartdesign/UartDemo/pins/UartDemo_MSS_0:MMUART_0_TXD_M2F</crossprobe>
  </drc>
  <drc>
    <status>C:\Microsemi\Libero_v11.5\Designer/data/drcreport\error.png</status>
    <StatusMessage>Error</StatusMessage>
    <message>Undriven Pin</message>
    <detail>Unconnected input pin UartDemo_MSS_0:MMUART_0_RXD_F2M</detail>
    <crossprobe>liberoaction://cross_probe/smartdesign/UartDemo/pins/UartDemo_MSS_0:MMUART_0_RXD_F2M</crossprobe>
  </drc>
</drcreport>
